Query,Method type,Most Similar,Least Similar,Scores
The cat sat on the mat,tfidf,"**The Enigma of Cat Behaviour: Understanding the Mystery of Feline Minds**

Cats, renowned for their enigmatic nature and complex behaviours, have baffled humans for centuries. Despite our extensive knowledge of other animals, our understanding of cats' cognitive abilities and motivations remains remarkably limited. This article delves into the fascinating world of cat behaviour, exploring the mysteries that continue to fascinate us and highlight the challenges we face in deciphering feline minds.

**Feline Communication: A Symphony of Whispers and Howls**

Cats possess an uncanny ability to communicate through a variety of vocalizations and body language cues. From soft meows and purrs to high-pitched trills and growls, cats convey a wide range of emotions and intentions. However, interpreting their nuanced vocalizations and body movements is not always straightforward.

**The Role of Social Learning in Behaviour**

Like all animals, cats are highly influenced by their social environment. Early interactions with humans and other cats shape their behaviour and preferences. Social interaction allows cats to learn proper social skills, establish dominance hierarchies, and develop appropriate social behaviours.

**The Importance of Play and Exploration**

Cats are natural-born explorers, and play is an essential part of their development and mental stimulation. Play allows cats to exercise their physical and cognitive abilities, develop problem-solving skills, and maintain a healthy sense of curiosity.

**The Mystery of Cat Communication: The Role of Body Language**

Cats communicate much more than we think. The way they position their bodies, use their ears and eyes, and interact with their tails provides clues about their emotional state and intentions. However, interpreting these cues can be challenging due to cultural differences and individual variations in feline personalities.

**The Challenge of Understanding Cat Cognition**

The complexity of cat behaviour is reflected in their cognitive abilities. Cats possess complex brains with the capacity for problem-solving, learning, and memory. However, their decision-making processes are not as well understood as those of other animals.

**The Importance of a Multidisciplinary Approach to Understanding Cats**

Understanding cat behaviour requires a multidisciplinary approach. Animal behaviour researchers, psychologists, and veterinarians work together to gather data, develop theories, and address the challenges of interpreting feline behaviour.

**Conclusion**

The world of cat behaviour is filled with mysteries and contradictions. Despite our ongoing efforts, the complexity and multifaceted nature of feline minds remain a daunting puzzle. However, by embracing a holistic approach to understanding cats, we can continue to uncover the hidden depths of these enigmatic creatures and appreciate the wonder of the feline spirit.","**The Enigma of Cat Behaviour: Understanding the Mystery of Feline Minds**

Cats, renowned for their enigmatic nature and complex behaviours, have baffled humans for centuries. Despite our extensive knowledge of other animals, our understanding of cats' cognitive abilities and motivations remains remarkably limited. This article delves into the fascinating world of cat behaviour, exploring the mysteries that continue to fascinate us and highlight the challenges we face in deciphering feline minds.

**Feline Communication: A Symphony of Whispers and Howls**

Cats possess an uncanny ability to communicate through a variety of vocalizations and body language cues. From soft meows and purrs to high-pitched trills and growls, cats convey a wide range of emotions and intentions. However, interpreting their nuanced vocalizations and body movements is not always straightforward.

**The Role of Social Learning in Behaviour**

Like all animals, cats are highly influenced by their social environment. Early interactions with humans and other cats shape their behaviour and preferences. Social interaction allows cats to learn proper social skills, establish dominance hierarchies, and develop appropriate social behaviours.

**The Importance of Play and Exploration**

Cats are natural-born explorers, and play is an essential part of their development and mental stimulation. Play allows cats to exercise their physical and cognitive abilities, develop problem-solving skills, and maintain a healthy sense of curiosity.

**The Mystery of Cat Communication: The Role of Body Language**

Cats communicate much more than we think. The way they position their bodies, use their ears and eyes, and interact with their tails provides clues about their emotional state and intentions. However, interpreting these cues can be challenging due to cultural differences and individual variations in feline personalities.

**The Challenge of Understanding Cat Cognition**

The complexity of cat behaviour is reflected in their cognitive abilities. Cats possess complex brains with the capacity for problem-solving, learning, and memory. However, their decision-making processes are not as well understood as those of other animals.

**The Importance of a Multidisciplinary Approach to Understanding Cats**

Understanding cat behaviour requires a multidisciplinary approach. Animal behaviour researchers, psychologists, and veterinarians work together to gather data, develop theories, and address the challenges of interpreting feline behaviour.

**Conclusion**

The world of cat behaviour is filled with mysteries and contradictions. Despite our ongoing efforts, the complexity and multifaceted nature of feline minds remain a daunting puzzle. However, by embracing a holistic approach to understanding cats, we can continue to uncover the hidden depths of these enigmatic creatures and appreciate the wonder of the feline spirit.","[0.0, 0.0, 0.0, 0.0, 0.0, 0.0, 0.0, 0.0, 0.0, 0.0]"
The cat sat on the mat,count,"## Navigating the Shifting Sands: A Glimpse into American Politics

American politics, like the ever-shifting sands of the Sahara, is a landscape constantly in motion. From the bustling metropolis of Washington D.C. to the sprawling battlegrounds of statehouses and Congress, the political landscape is a tapestry woven with diverse individuals, ideologies, and currents. 

**Recent Events: A Snapshot of the Political Arena**

The 2020 presidential election, a watershed moment in recent American history, vividly demonstrated the ongoing ideological and demographic struggles within the country. The results exposed a deeply divided nation, with the incumbent Donald Trump losing the Electoral College to Joe Biden, a Democrat whose victory marked the Democrats' return to power after 12 years. This election further highlighted the ongoing struggle for minority rights, economic inequality, and the erosion of democratic norms.

**Key Players: Who Makes the Political Scene Tick?**

The political scene is dominated by a diverse cast of characters. At the center stands the White House, the ultimate symbol of American political power, with the President holding immense authority and influence over the nation. The Vice President fills the role of the President's equal power, acting as the Chief Executive and overseeing various departments.

Beyond the White House lie a plethora of legislative bodies, each with its distinct focus and influence. The House of Representatives, a chamber of 435 members, is responsible for enacting legislation and setting policy on a wide range of issues. The Senate, with 100 members, acts as the legislative branch, confirming presidential appointments and confirming treaties.

**The Great Divide: Ideological Divide and Policy Stalemate**

The American political scene is further divided along ideological lines. The left-leaning spectrum encompasses various progressive and liberal parties, advocating for social justice, equality, and environmental protection. The right-leaning spectrum, represented by conservative and libertarian parties, emphasizes individual liberty, limited government intervention, and free-market economic policies.

This ideological divide has manifested itself in various policy matters, from healthcare and education to climate change and economic regulations. While recent administrations have sought to bridge the ideological gap, progress has been slow, and policy debates often become heated and unproductive.

**The Future of American Politics: Predictions and Possibilities**

Predicting the future of American politics is as challenging as navigating the shifting sands of the Sahara. However, several trends suggest a potential shift towards increased inclusivity, greater emphasis on climate change, and a more participatory democracy.

With the rise of social media and the increasing accessibility of information, public discourse is evolving, potentially leading to a more informed citizenry and increased pressure on elected officials to be responsive to the needs of their constituents.

Whether these trends will lead to a more stable and inclusive political system remains to be seen. Nonetheless, the American political landscape is poised for significant changes in the years to come.

**Conclusion**

The American political scene is a complex and dynamic tapestry, woven from diverse characters, ideologies, and issues. While recent events have highlighted the ongoing ideological divide and the challenges to achieving bipartisan cooperation, there is hope that the evolving sands of the political landscape will usher in a new era of political discourse and progress.","## The Dangers of Social Media and Companies' Ability to Overlook Them

Social media has become an undeniable force in our lives, shaping how we connect, consume information, and interact with the world. However, its immense reach and ability to influence our perception of reality raise significant concerns about its impact on individuals and society at large.

**The Dangers of Social Media:**

* **Misinformation and Propaganda:** Social media platforms often become breeding grounds for false or misleading information, which can have profound consequences. Propagandists and biased actors can manipulate narratives and spread misinformation, potentially influencing public perception and political discourse.
* **Addiction and Mental Health:** Excessive social media use is linked to increased rates of addiction, depression, anxiety, and other mental health issues. The constant comparison and validation sought through social media can lead to feelings of inadequacy and low self-esteem.
* **Cyberbullying and Harassment:** Online harassment, including cyberbullying and hate speech, can have devastating psychological and emotional consequences. Victims can feel isolated, humiliated, and unsafe, leading to significant distress and even suicide in severe cases.
* **Privacy Concerns:** Social media platforms collect vast amounts of personal data, raising significant privacy concerns. Sharing personal information and engaging in data-driven advertising can create a sense of vulnerability and control over individual privacy.
* **Exploitation and Labor Practices:** Some companies leverage social media to attract and retain employees, utilizing them for surveillance and manipulation. This can lead to a culture of fear and low morale, potentially compromising workplace safety and ethical practices.

**Companies' Ability to Overlook Social Media:**

* **Limited Awareness:** Companies are often unaware of the potential risks associated with social media use by their employees. This can lead to a lack of awareness about appropriate social media policies and guidelines.
* **Compliance Challenges:** Companies face complex compliance challenges when it comes to data privacy and responsible social media practices. Implementing effective data security measures and employee training can be a significant undertaking.
* **Bias and Discrimination:** Social media algorithms can amplify existing biases and stereotypes, leading to the spread of misinformation and discriminatory content. This can create a toxic and biased online environment, impacting employee morale and company culture.
* **Employee Monitoring:** Companies may use social media monitoring tools to track employee activity, potentially engaging in surveillance and violating employee privacy.
* **Brand Reputation:** Negative social media coverage can significantly damage a company's brand reputation and erode customer trust. This can lead to reputational damage, financial losses, and even boycotts.

**Conclusion:**

Social media and companies' ability to overlook its potential dangers raises significant concerns about the impact on individuals and society. It is crucial for both to acknowledge and actively address these challenges. Companies need to prioritize awareness, implement effective social media policies, and prioritize employee well-being and privacy. By working together, we can navigate the complexities of social media and ensure a safe and positive online environment for all.","[0.36411141371020816, 0.11934933065381027, 0.34156502553198664, 0.5000510282187378, 0.5623042491294717, 0.17226652175009424, 0.2622528900599238, 0.4797782575562753, 0.35797139654340043, 0.6086475558120917]"
The cat sat on the mat,embeddings,"## Navigating the Shifting Sands: A Glimpse into American Politics

American politics, like the ever-shifting sands of the Sahara, is a landscape constantly in motion. From the bustling metropolis of Washington D.C. to the sprawling battlegrounds of statehouses and Congress, the political landscape is a tapestry woven with diverse individuals, ideologies, and currents. 

**Recent Events: A Snapshot of the Political Arena**

The 2020 presidential election, a watershed moment in recent American history, vividly demonstrated the ongoing ideological and demographic struggles within the country. The results exposed a deeply divided nation, with the incumbent Donald Trump losing the Electoral College to Joe Biden, a Democrat whose victory marked the Democrats' return to power after 12 years. This election further highlighted the ongoing struggle for minority rights, economic inequality, and the erosion of democratic norms.

**Key Players: Who Makes the Political Scene Tick?**

The political scene is dominated by a diverse cast of characters. At the center stands the White House, the ultimate symbol of American political power, with the President holding immense authority and influence over the nation. The Vice President fills the role of the President's equal power, acting as the Chief Executive and overseeing various departments.

Beyond the White House lie a plethora of legislative bodies, each with its distinct focus and influence. The House of Representatives, a chamber of 435 members, is responsible for enacting legislation and setting policy on a wide range of issues. The Senate, with 100 members, acts as the legislative branch, confirming presidential appointments and confirming treaties.

**The Great Divide: Ideological Divide and Policy Stalemate**

The American political scene is further divided along ideological lines. The left-leaning spectrum encompasses various progressive and liberal parties, advocating for social justice, equality, and environmental protection. The right-leaning spectrum, represented by conservative and libertarian parties, emphasizes individual liberty, limited government intervention, and free-market economic policies.

This ideological divide has manifested itself in various policy matters, from healthcare and education to climate change and economic regulations. While recent administrations have sought to bridge the ideological gap, progress has been slow, and policy debates often become heated and unproductive.

**The Future of American Politics: Predictions and Possibilities**

Predicting the future of American politics is as challenging as navigating the shifting sands of the Sahara. However, several trends suggest a potential shift towards increased inclusivity, greater emphasis on climate change, and a more participatory democracy.

With the rise of social media and the increasing accessibility of information, public discourse is evolving, potentially leading to a more informed citizenry and increased pressure on elected officials to be responsive to the needs of their constituents.

Whether these trends will lead to a more stable and inclusive political system remains to be seen. Nonetheless, the American political landscape is poised for significant changes in the years to come.

**Conclusion**

The American political scene is a complex and dynamic tapestry, woven from diverse characters, ideologies, and issues. While recent events have highlighted the ongoing ideological divide and the challenges to achieving bipartisan cooperation, there is hope that the evolving sands of the political landscape will usher in a new era of political discourse and progress.","## The Ripple Effect: How Climate Change Triggers Migration

Climate change is no longer a distant threat on the horizon; it's a reality shaping our present and influencing our future. One of the most significant impacts is on human migration, the movement of people in search of a better life. 

**Shifting Patterns:**

- **Coastal Communities:** Rising sea levels, increasing storm activity, and changing weather patterns are compelling people to move inland, like the residents of New Orleans facing hurricane-driven flooding. 
- **Climate Refugees:** Warmer temperatures and altered precipitation patterns can force individuals from drought-stricken regions to seek water sources in other areas. 
- **Seasonal Migrations:** Farmers in the Northern Hemisphere must adapt their practices to survive, with earlier blooming and later harvests forcing them to migrate south to find suitable growing conditions.
- **Economic Migration:** Climate change can disrupt supply chains and trade routes, leading skilled professionals to seek greener pastures and higher-paying jobs, often across borders.

**The Human Impact:**

- **Displaced Communities:** Climate-related disasters can destroy homes, livelihoods, and communities, forcing people to abandon their ancestral lands and seek new beginnings. 
- **Economic Downturn:** Migration can be a temporary solution to economic hardship, but it can also exacerbate existing inequalities as newcomers often lack access to resources and infrastructure.
- **Cultural Exchange:** Migration can foster cultural exchange, introducing new traditions and perspectives, leading to richer and more diverse societies.

**The Environmental Impact:**

- **Resource Scarcity:** Climate change can exacerbate water shortages, food scarcity, and energy shortages, leading to increased migration to areas with more stable conditions. 
- **Disease Outbreaks:** Warmer temperatures and altered precipitation patterns can create breeding grounds for disease vectors, leading to increased migration and outbreaks in new regions.
- **Biodiversity Loss:** Climate change can also damage ecosystems, impacting food security and availability of resources, forcing communities to relocate in search of sustenance.

**The Global Dimension:**

- **The Paris Agreement:** This international agreement aims to combat climate change by reducing greenhouse gas emissions, offering a global framework for addressing migration related to climate change.
- **Climate Smart Migration:** This initiative by the United Nations Development Program focuses on assisting developing countries in their migration policies and supporting sustainable, inclusive migration practices.

**The Future of Migration:**

Understanding the complex interplay between climate change and migration is crucial. As we face a rapidly changing planet, proactive measures and coordinated responses are essential to ensure both human well-being and environmental sustainability.

**By studying and understanding these multifaceted impacts, we can work towards a future where migration is not just a response to environmental change but a proactive solution for building a more resilient and sustainable world.**","[0.21291986107826233, 0.11895284056663513, 0.21229006350040436, 0.29487183690071106, 0.38339492678642273, 0.1292601227760315, 0.11293847858905792, 0.3792318105697632, 0.23156030476093292, 0.38913875818252563]"
World politics is becoming increasingly more unstable,tfidf,"## Navigating the Shifting Sands: A Glimpse into American Politics

American politics, like the ever-shifting sands of the Sahara, is a landscape constantly in motion. From the bustling metropolis of Washington D.C. to the sprawling battlegrounds of statehouses and Congress, the political landscape is a tapestry woven with diverse individuals, ideologies, and currents. 

**Recent Events: A Snapshot of the Political Arena**

The 2020 presidential election, a watershed moment in recent American history, vividly demonstrated the ongoing ideological and demographic struggles within the country. The results exposed a deeply divided nation, with the incumbent Donald Trump losing the Electoral College to Joe Biden, a Democrat whose victory marked the Democrats' return to power after 12 years. This election further highlighted the ongoing struggle for minority rights, economic inequality, and the erosion of democratic norms.

**Key Players: Who Makes the Political Scene Tick?**

The political scene is dominated by a diverse cast of characters. At the center stands the White House, the ultimate symbol of American political power, with the President holding immense authority and influence over the nation. The Vice President fills the role of the President's equal power, acting as the Chief Executive and overseeing various departments.

Beyond the White House lie a plethora of legislative bodies, each with its distinct focus and influence. The House of Representatives, a chamber of 435 members, is responsible for enacting legislation and setting policy on a wide range of issues. The Senate, with 100 members, acts as the legislative branch, confirming presidential appointments and confirming treaties.

**The Great Divide: Ideological Divide and Policy Stalemate**

The American political scene is further divided along ideological lines. The left-leaning spectrum encompasses various progressive and liberal parties, advocating for social justice, equality, and environmental protection. The right-leaning spectrum, represented by conservative and libertarian parties, emphasizes individual liberty, limited government intervention, and free-market economic policies.

This ideological divide has manifested itself in various policy matters, from healthcare and education to climate change and economic regulations. While recent administrations have sought to bridge the ideological gap, progress has been slow, and policy debates often become heated and unproductive.

**The Future of American Politics: Predictions and Possibilities**

Predicting the future of American politics is as challenging as navigating the shifting sands of the Sahara. However, several trends suggest a potential shift towards increased inclusivity, greater emphasis on climate change, and a more participatory democracy.

With the rise of social media and the increasing accessibility of information, public discourse is evolving, potentially leading to a more informed citizenry and increased pressure on elected officials to be responsive to the needs of their constituents.

Whether these trends will lead to a more stable and inclusive political system remains to be seen. Nonetheless, the American political landscape is poised for significant changes in the years to come.

**Conclusion**

The American political scene is a complex and dynamic tapestry, woven from diverse characters, ideologies, and issues. While recent events have highlighted the ongoing ideological divide and the challenges to achieving bipartisan cooperation, there is hope that the evolving sands of the political landscape will usher in a new era of political discourse and progress.","## The Dangers of Social Media and Companies' Ability to Overlook Them

Social media has become an undeniable force in our lives, shaping how we connect, consume information, and interact with the world. However, its immense reach and ability to influence our perception of reality raise significant concerns about its impact on individuals and society at large.

**The Dangers of Social Media:**

* **Misinformation and Propaganda:** Social media platforms often become breeding grounds for false or misleading information, which can have profound consequences. Propagandists and biased actors can manipulate narratives and spread misinformation, potentially influencing public perception and political discourse.
* **Addiction and Mental Health:** Excessive social media use is linked to increased rates of addiction, depression, anxiety, and other mental health issues. The constant comparison and validation sought through social media can lead to feelings of inadequacy and low self-esteem.
* **Cyberbullying and Harassment:** Online harassment, including cyberbullying and hate speech, can have devastating psychological and emotional consequences. Victims can feel isolated, humiliated, and unsafe, leading to significant distress and even suicide in severe cases.
* **Privacy Concerns:** Social media platforms collect vast amounts of personal data, raising significant privacy concerns. Sharing personal information and engaging in data-driven advertising can create a sense of vulnerability and control over individual privacy.
* **Exploitation and Labor Practices:** Some companies leverage social media to attract and retain employees, utilizing them for surveillance and manipulation. This can lead to a culture of fear and low morale, potentially compromising workplace safety and ethical practices.

**Companies' Ability to Overlook Social Media:**

* **Limited Awareness:** Companies are often unaware of the potential risks associated with social media use by their employees. This can lead to a lack of awareness about appropriate social media policies and guidelines.
* **Compliance Challenges:** Companies face complex compliance challenges when it comes to data privacy and responsible social media practices. Implementing effective data security measures and employee training can be a significant undertaking.
* **Bias and Discrimination:** Social media algorithms can amplify existing biases and stereotypes, leading to the spread of misinformation and discriminatory content. This can create a toxic and biased online environment, impacting employee morale and company culture.
* **Employee Monitoring:** Companies may use social media monitoring tools to track employee activity, potentially engaging in surveillance and violating employee privacy.
* **Brand Reputation:** Negative social media coverage can significantly damage a company's brand reputation and erode customer trust. This can lead to reputational damage, financial losses, and even boycotts.

**Conclusion:**

Social media and companies' ability to overlook its potential dangers raises significant concerns about the impact on individuals and society. It is crucial for both to acknowledge and actively address these challenges. Companies need to prioritize awareness, implement effective social media policies, and prioritize employee well-being and privacy. By working together, we can navigate the complexities of social media and ensure a safe and positive online environment for all.","[0.05182045612999601, 0.009495608204131308, 0.09097476558977646, 0.017077886521067048, 0.07263420103690393, 0.015233031380457923, 0.014289759485687814, 0.013499130770076575, 0.04940042673943264, 0.14930580457336712]"
World politics is becoming increasingly more unstable,count,"## The Inescapable Shield: Why Cybersecurity Is Crucial Now More Than Ever

Cybersecurity is no longer a niche concern confined to tech enthusiasts or cybersecurity professionals. It's become an omnipresent force, safeguarding the sensitive information and critical infrastructure that powers our interconnected world. As the digital landscape evolves at an alarming pace, the need for robust cybersecurity solutions becomes increasingly apparent.

The evolving nature of cyber threats, fueled by the constant evolution of malware and hacking techniques, necessitates a proactive approach to security. This means continuously monitoring and analyzing network activity for suspicious patterns, detecting and thwarting cyberattacks before they cause significant damage.

**The human factor is a major vulnerability** in this digital age. Phishing attacks, social engineering, and other deceptive tactics are becoming increasingly sophisticated, posing a significant threat to individual and organizational security. Companies of all sizes are targets, as hackers seek to gain access to sensitive data, financial records, and intellectual property.

**The consequences of a cyberattack can be devastating**, not only for the target organization but also for its customers, partners, and the broader community. Data breaches can lead to financial losses, reputational damage, legal ramifications, and reputational damage.

**The good news is that cybersecurity solutions are constantly evolving,** providing companies with the tools and resources needed to protect themselves. From advanced intrusion detection systems and endpoint protection to comprehensive vulnerability assessments and threat intelligence, businesses of all sizes can significantly enhance their defenses.

**Investing in cybersecurity is not just about protecting against attacks; it's about safeguarding the future of our digital world.** By investing in robust security measures, we can foster a safe and secure environment for businesses, individuals, and communities.

**Here are some key areas where cybersecurity plays a crucial role:**

* **Protecting sensitive data:** This includes financial records, personal information, intellectual property, and other confidential data.
* **Ensuring the integrity and authenticity of data:** This is crucial for maintaining the accuracy of transactions and ensuring the credibility of documents.
* **Protecting against unauthorized access to systems and networks:** This includes protecting against malware, phishing attacks, and other threats.
* **Managing and mitigating cyber risks:** This includes identifying, analyzing, and responding to potential security threats.
* **Educating employees about cybersecurity:** This is essential for fostering a culture of awareness and preventing phishing and other social engineering attacks.

**The evolving landscape of cyber threats requires constant vigilance and adaptation.** By understanding the evolving nature of cyber threats and staying informed about the latest security vulnerabilities, we can proactively develop and implement effective cybersecurity solutions. This will be crucial in protecting individuals, businesses, and communities from the devastating consequences of a cyberattack.

**By understanding the growing need for cybersecurity, we can work together to create a safer and more secure digital future for all.**","## The Dangers of Social Media and Companies' Ability to Overlook Them

Social media has become an undeniable force in our lives, shaping how we connect, consume information, and interact with the world. However, its immense reach and ability to influence our perception of reality raise significant concerns about its impact on individuals and society at large.

**The Dangers of Social Media:**

* **Misinformation and Propaganda:** Social media platforms often become breeding grounds for false or misleading information, which can have profound consequences. Propagandists and biased actors can manipulate narratives and spread misinformation, potentially influencing public perception and political discourse.
* **Addiction and Mental Health:** Excessive social media use is linked to increased rates of addiction, depression, anxiety, and other mental health issues. The constant comparison and validation sought through social media can lead to feelings of inadequacy and low self-esteem.
* **Cyberbullying and Harassment:** Online harassment, including cyberbullying and hate speech, can have devastating psychological and emotional consequences. Victims can feel isolated, humiliated, and unsafe, leading to significant distress and even suicide in severe cases.
* **Privacy Concerns:** Social media platforms collect vast amounts of personal data, raising significant privacy concerns. Sharing personal information and engaging in data-driven advertising can create a sense of vulnerability and control over individual privacy.
* **Exploitation and Labor Practices:** Some companies leverage social media to attract and retain employees, utilizing them for surveillance and manipulation. This can lead to a culture of fear and low morale, potentially compromising workplace safety and ethical practices.

**Companies' Ability to Overlook Social Media:**

* **Limited Awareness:** Companies are often unaware of the potential risks associated with social media use by their employees. This can lead to a lack of awareness about appropriate social media policies and guidelines.
* **Compliance Challenges:** Companies face complex compliance challenges when it comes to data privacy and responsible social media practices. Implementing effective data security measures and employee training can be a significant undertaking.
* **Bias and Discrimination:** Social media algorithms can amplify existing biases and stereotypes, leading to the spread of misinformation and discriminatory content. This can create a toxic and biased online environment, impacting employee morale and company culture.
* **Employee Monitoring:** Companies may use social media monitoring tools to track employee activity, potentially engaging in surveillance and violating employee privacy.
* **Brand Reputation:** Negative social media coverage can significantly damage a company's brand reputation and erode customer trust. This can lead to reputational damage, financial losses, and even boycotts.

**Conclusion:**

Social media and companies' ability to overlook its potential dangers raises significant concerns about the impact on individuals and society. It is crucial for both to acknowledge and actively address these challenges. Companies need to prioritize awareness, implement effective social media policies, and prioritize employee well-being and privacy. By working together, we can navigate the complexities of social media and ensure a safe and positive online environment for all.","[0.05422935948875441, 0.019891555108968378, 0.11385500851066221, 0.07143586117410539, 0.038513989666402175, 0.06740863894568906, 0.0723456248441169, 0.04938893827785187, 0.08949284913585012, 0.1004563927068501]"
World politics is becoming increasingly more unstable,embeddings,"## The Future of Transport: A Glimpse into 2040

The future of transport is anything but static. Technological advancements, environmental concerns, and changing societal priorities are pushing the boundaries of what's possible. From hyperloops to autonomous drones, here's a glimpse into what the future holds for this dynamic sector.

**Revolutionizing Travel: Hyperloops and Beyond**

Hyperloop technology is poised to disrupt the travel landscape. These high-speed, underground tunnels boast vastly reduced travel times, enhanced passenger comfort, and the potential to reach previously inaccessible areas. The first hyperloop line, between London and Birmingham, is expected to open in 2025, with other major cities like Shanghai and Dubai planning ambitious hyperloop projects.

**Flying into the Future: Drone Technology**

Autonomous drones are rapidly evolving from futuristic fantasies into practical tools. From package delivery to aerial surveying, drones offer efficiency and flexibility that traditional aircraft simply cannot match. Companies like Amazon and DHL are already experimenting with drone delivery, while the US military is actively developing autonomous aircraft for military operations.

**Shifting Gears: Sustainable Solutions**

Climate concerns are driving the development of sustainable transport solutions. Electric vehicles, powered by renewable energy sources, are becoming increasingly popular, with major manufacturers like Tesla and Tesla Motors setting ambitious goals for production and sustainability. Additionally, alternative fuels like hydrogen and biofuels are receiving increased attention as sustainable alternatives to traditional fossil fuels.

**The Connected City: Seamless Travel Across Borders**

Smart cities, powered by advanced IoT and AI, will be the backbone of seamless travel across borders. These interconnected networks will allow real-time tracking of vehicles and infrastructure, enabling efficient traffic management and personalized travel recommendations. Additionally, the integration of transportation systems within cities will enable efficient public transport options and optimized logistics for businesses.

**The Future of Travel: A Collaborative Effort**

The future of transport is not just about technological advancements; it's about collaboration and community engagement. Partnerships between governments, industries, and research institutions are crucial for developing and implementing innovative solutions. Additionally, engaging communities in the planning and implementation of these changes will ensure sustainable and equitable access to transportation for all.

**The Takeaway**

The future of transport holds immense potential to reshape our world. From hyperloops and autonomous drones to sustainable solutions and seamless city connectivity, the journey to a more sustainable and efficient transportation sector is well underway. As we step into this exciting future, it's essential to remain open to innovation, foster collaboration, and prioritize the well-being of our planet and its inhabitants.","## A Brief History of Ireland: From Prehistoric Beginnings to Modern Nation

The history of Ireland is a complex tapestry woven with rich cultural traditions, turbulent wars, and dramatic political upheavals. While the exact origins of the island remain shrouded in mystery, archaeological evidence suggests human settlement in Ireland dating back to the Paleolithic era, approximately 8000 BCE. Over millennia, various cultures left their mark, including the Neolithic farmers of the Neolithic era, the Celts who introduced Christianity in the 5th century, and the Anglo-Normans who arrived in the 12th century and established a powerful monarchy.

The Norman invasion in 1241 marked a pivotal turning point in Irish history. King Henry II, along with his wife Eleanor of Aquitaine, sought to control the lucrative Irish market and expand the English Empire's reach in the region. This conflict, known as the Norman Conquests, had a profound impact on Irish politics, religion, and social landscape. The subsequent centuries saw Irish struggle for independence against English rule, culminating in the Anglo-Irish War in 1922.

The War of Independence (1916-1921) marked the climax of Irish struggle for self-determination. The Irish Volunteers, led by charismatic figures like James Connolly and Michael Collins, defied British authority with courage and sacrifice. After a grueling eight-year war, the Treaty of Versailles in 1921 formally ended British rule in Ireland, paving the way for Irish independence and establishing the Irish Free State as a republic in 1949.

**Key Figures:**

* **King Henry II:** Ruler who led the Norman invasions of Ireland.
* **Eleanor of Aquitaine:** Queen who married Henry II and supported the Norman conquest.
* **James Connolly:** Leader of the Irish Volunteers during the War of Independence.
* **Michael Collins:** Leader of the Irish Volunteers and a prominent figure in the War of Independence.
* **George Bernard Shaw:** A prominent Irish playwright and politician, whose plays helped garner support for the Irish cause.

**Additional Points:**

* The Irish Free State, established in 1949, is the Republic of Ireland, the current constitutional government of the country.
* The country boasts a rich musical heritage, with renowned musicians like Bono and Bob Marley originating from Ireland.
* Today, Ireland is a vibrant and diverse country, with a rich cultural identity, a strong economy, and a deeply committed political system.

**Note:** This is a brief overview of a complex and multifaceted history. Additional details and specific dates can be added to enrich the model's knowledge base.","[0.24041348695755005, 0.2289956957101822, 0.26949140429496765, 0.28344571590423584, 0.0033512525260448456, 0.2696966230869293, 0.2076524794101715, 0.15130504965782166, 0.3068840503692627, 0.2024942934513092]"
"Easter Rising occured in Dublin, Ireland",tfidf,"## The Ripple Effect: How Climate Change Triggers Migration

Climate change is no longer a distant threat on the horizon; it's a reality shaping our present and influencing our future. One of the most significant impacts is on human migration, the movement of people in search of a better life. 

**Shifting Patterns:**

- **Coastal Communities:** Rising sea levels, increasing storm activity, and changing weather patterns are compelling people to move inland, like the residents of New Orleans facing hurricane-driven flooding. 
- **Climate Refugees:** Warmer temperatures and altered precipitation patterns can force individuals from drought-stricken regions to seek water sources in other areas. 
- **Seasonal Migrations:** Farmers in the Northern Hemisphere must adapt their practices to survive, with earlier blooming and later harvests forcing them to migrate south to find suitable growing conditions.
- **Economic Migration:** Climate change can disrupt supply chains and trade routes, leading skilled professionals to seek greener pastures and higher-paying jobs, often across borders.

**The Human Impact:**

- **Displaced Communities:** Climate-related disasters can destroy homes, livelihoods, and communities, forcing people to abandon their ancestral lands and seek new beginnings. 
- **Economic Downturn:** Migration can be a temporary solution to economic hardship, but it can also exacerbate existing inequalities as newcomers often lack access to resources and infrastructure.
- **Cultural Exchange:** Migration can foster cultural exchange, introducing new traditions and perspectives, leading to richer and more diverse societies.

**The Environmental Impact:**

- **Resource Scarcity:** Climate change can exacerbate water shortages, food scarcity, and energy shortages, leading to increased migration to areas with more stable conditions. 
- **Disease Outbreaks:** Warmer temperatures and altered precipitation patterns can create breeding grounds for disease vectors, leading to increased migration and outbreaks in new regions.
- **Biodiversity Loss:** Climate change can also damage ecosystems, impacting food security and availability of resources, forcing communities to relocate in search of sustenance.

**The Global Dimension:**

- **The Paris Agreement:** This international agreement aims to combat climate change by reducing greenhouse gas emissions, offering a global framework for addressing migration related to climate change.
- **Climate Smart Migration:** This initiative by the United Nations Development Program focuses on assisting developing countries in their migration policies and supporting sustainable, inclusive migration practices.

**The Future of Migration:**

Understanding the complex interplay between climate change and migration is crucial. As we face a rapidly changing planet, proactive measures and coordinated responses are essential to ensure both human well-being and environmental sustainability.

**By studying and understanding these multifaceted impacts, we can work towards a future where migration is not just a response to environmental change but a proactive solution for building a more resilient and sustainable world.**","**The Enigma of Cat Behaviour: Understanding the Mystery of Feline Minds**

Cats, renowned for their enigmatic nature and complex behaviours, have baffled humans for centuries. Despite our extensive knowledge of other animals, our understanding of cats' cognitive abilities and motivations remains remarkably limited. This article delves into the fascinating world of cat behaviour, exploring the mysteries that continue to fascinate us and highlight the challenges we face in deciphering feline minds.

**Feline Communication: A Symphony of Whispers and Howls**

Cats possess an uncanny ability to communicate through a variety of vocalizations and body language cues. From soft meows and purrs to high-pitched trills and growls, cats convey a wide range of emotions and intentions. However, interpreting their nuanced vocalizations and body movements is not always straightforward.

**The Role of Social Learning in Behaviour**

Like all animals, cats are highly influenced by their social environment. Early interactions with humans and other cats shape their behaviour and preferences. Social interaction allows cats to learn proper social skills, establish dominance hierarchies, and develop appropriate social behaviours.

**The Importance of Play and Exploration**

Cats are natural-born explorers, and play is an essential part of their development and mental stimulation. Play allows cats to exercise their physical and cognitive abilities, develop problem-solving skills, and maintain a healthy sense of curiosity.

**The Mystery of Cat Communication: The Role of Body Language**

Cats communicate much more than we think. The way they position their bodies, use their ears and eyes, and interact with their tails provides clues about their emotional state and intentions. However, interpreting these cues can be challenging due to cultural differences and individual variations in feline personalities.

**The Challenge of Understanding Cat Cognition**

The complexity of cat behaviour is reflected in their cognitive abilities. Cats possess complex brains with the capacity for problem-solving, learning, and memory. However, their decision-making processes are not as well understood as those of other animals.

**The Importance of a Multidisciplinary Approach to Understanding Cats**

Understanding cat behaviour requires a multidisciplinary approach. Animal behaviour researchers, psychologists, and veterinarians work together to gather data, develop theories, and address the challenges of interpreting feline behaviour.

**Conclusion**

The world of cat behaviour is filled with mysteries and contradictions. Despite our ongoing efforts, the complexity and multifaceted nature of feline minds remain a daunting puzzle. However, by embracing a holistic approach to understanding cats, we can continue to uncover the hidden depths of these enigmatic creatures and appreciate the wonder of the feline spirit.","[0.0, 0.0, 0.0, 0.039956733796547086, 0.0, 0.0, 0.05072401507725644, 0.0, 0.0, 0.0]"
"Easter Rising occured in Dublin, Ireland",count,"## A Brief History of Ireland: From Prehistoric Beginnings to Modern Nation

The history of Ireland is a complex tapestry woven with rich cultural traditions, turbulent wars, and dramatic political upheavals. While the exact origins of the island remain shrouded in mystery, archaeological evidence suggests human settlement in Ireland dating back to the Paleolithic era, approximately 8000 BCE. Over millennia, various cultures left their mark, including the Neolithic farmers of the Neolithic era, the Celts who introduced Christianity in the 5th century, and the Anglo-Normans who arrived in the 12th century and established a powerful monarchy.

The Norman invasion in 1241 marked a pivotal turning point in Irish history. King Henry II, along with his wife Eleanor of Aquitaine, sought to control the lucrative Irish market and expand the English Empire's reach in the region. This conflict, known as the Norman Conquests, had a profound impact on Irish politics, religion, and social landscape. The subsequent centuries saw Irish struggle for independence against English rule, culminating in the Anglo-Irish War in 1922.

The War of Independence (1916-1921) marked the climax of Irish struggle for self-determination. The Irish Volunteers, led by charismatic figures like James Connolly and Michael Collins, defied British authority with courage and sacrifice. After a grueling eight-year war, the Treaty of Versailles in 1921 formally ended British rule in Ireland, paving the way for Irish independence and establishing the Irish Free State as a republic in 1949.

**Key Figures:**

* **King Henry II:** Ruler who led the Norman invasions of Ireland.
* **Eleanor of Aquitaine:** Queen who married Henry II and supported the Norman conquest.
* **James Connolly:** Leader of the Irish Volunteers during the War of Independence.
* **Michael Collins:** Leader of the Irish Volunteers and a prominent figure in the War of Independence.
* **George Bernard Shaw:** A prominent Irish playwright and politician, whose plays helped garner support for the Irish cause.

**Additional Points:**

* The Irish Free State, established in 1949, is the Republic of Ireland, the current constitutional government of the country.
* The country boasts a rich musical heritage, with renowned musicians like Bono and Bob Marley originating from Ireland.
* Today, Ireland is a vibrant and diverse country, with a rich cultural identity, a strong economy, and a deeply committed political system.

**Note:** This is a brief overview of a complex and multifaceted history. Additional details and specific dates can be added to enrich the model's knowledge base.","## The Future of Transport: A Glimpse into 2040

The future of transport is anything but static. Technological advancements, environmental concerns, and changing societal priorities are pushing the boundaries of what's possible. From hyperloops to autonomous drones, here's a glimpse into what the future holds for this dynamic sector.

**Revolutionizing Travel: Hyperloops and Beyond**

Hyperloop technology is poised to disrupt the travel landscape. These high-speed, underground tunnels boast vastly reduced travel times, enhanced passenger comfort, and the potential to reach previously inaccessible areas. The first hyperloop line, between London and Birmingham, is expected to open in 2025, with other major cities like Shanghai and Dubai planning ambitious hyperloop projects.

**Flying into the Future: Drone Technology**

Autonomous drones are rapidly evolving from futuristic fantasies into practical tools. From package delivery to aerial surveying, drones offer efficiency and flexibility that traditional aircraft simply cannot match. Companies like Amazon and DHL are already experimenting with drone delivery, while the US military is actively developing autonomous aircraft for military operations.

**Shifting Gears: Sustainable Solutions**

Climate concerns are driving the development of sustainable transport solutions. Electric vehicles, powered by renewable energy sources, are becoming increasingly popular, with major manufacturers like Tesla and Tesla Motors setting ambitious goals for production and sustainability. Additionally, alternative fuels like hydrogen and biofuels are receiving increased attention as sustainable alternatives to traditional fossil fuels.

**The Connected City: Seamless Travel Across Borders**

Smart cities, powered by advanced IoT and AI, will be the backbone of seamless travel across borders. These interconnected networks will allow real-time tracking of vehicles and infrastructure, enabling efficient traffic management and personalized travel recommendations. Additionally, the integration of transportation systems within cities will enable efficient public transport options and optimized logistics for businesses.

**The Future of Travel: A Collaborative Effort**

The future of transport is not just about technological advancements; it's about collaboration and community engagement. Partnerships between governments, industries, and research institutions are crucial for developing and implementing innovative solutions. Additionally, engaging communities in the planning and implementation of these changes will ensure sustainable and equitable access to transportation for all.

**The Takeaway**

The future of transport holds immense potential to reshape our world. From hyperloops and autonomous drones to sustainable solutions and seamless city connectivity, the journey to a more sustainable and efficient transportation sector is well underway. As we step into this exciting future, it's essential to remain open to innovation, foster collaboration, and prioritize the well-being of our planet and its inhabitants.","[0.04382394038160147, 0.03750787601572655, 0.04600437062282362, 0.06061533822733288, 0.23965482872022204, 0.1271069485574729, 0.0895231433537928, 0.03991228933928332, 0.02531240019666571, 0.041784350880325026]"
"Easter Rising occured in Dublin, Ireland",embeddings,"## A Brief History of Ireland: From Prehistoric Beginnings to Modern Nation

The history of Ireland is a complex tapestry woven with rich cultural traditions, turbulent wars, and dramatic political upheavals. While the exact origins of the island remain shrouded in mystery, archaeological evidence suggests human settlement in Ireland dating back to the Paleolithic era, approximately 8000 BCE. Over millennia, various cultures left their mark, including the Neolithic farmers of the Neolithic era, the Celts who introduced Christianity in the 5th century, and the Anglo-Normans who arrived in the 12th century and established a powerful monarchy.

The Norman invasion in 1241 marked a pivotal turning point in Irish history. King Henry II, along with his wife Eleanor of Aquitaine, sought to control the lucrative Irish market and expand the English Empire's reach in the region. This conflict, known as the Norman Conquests, had a profound impact on Irish politics, religion, and social landscape. The subsequent centuries saw Irish struggle for independence against English rule, culminating in the Anglo-Irish War in 1922.

The War of Independence (1916-1921) marked the climax of Irish struggle for self-determination. The Irish Volunteers, led by charismatic figures like James Connolly and Michael Collins, defied British authority with courage and sacrifice. After a grueling eight-year war, the Treaty of Versailles in 1921 formally ended British rule in Ireland, paving the way for Irish independence and establishing the Irish Free State as a republic in 1949.

**Key Figures:**

* **King Henry II:** Ruler who led the Norman invasions of Ireland.
* **Eleanor of Aquitaine:** Queen who married Henry II and supported the Norman conquest.
* **James Connolly:** Leader of the Irish Volunteers during the War of Independence.
* **Michael Collins:** Leader of the Irish Volunteers and a prominent figure in the War of Independence.
* **George Bernard Shaw:** A prominent Irish playwright and politician, whose plays helped garner support for the Irish cause.

**Additional Points:**

* The Irish Free State, established in 1949, is the Republic of Ireland, the current constitutional government of the country.
* The country boasts a rich musical heritage, with renowned musicians like Bono and Bob Marley originating from Ireland.
* Today, Ireland is a vibrant and diverse country, with a rich cultural identity, a strong economy, and a deeply committed political system.

**Note:** This is a brief overview of a complex and multifaceted history. Additional details and specific dates can be added to enrich the model's knowledge base.","## The Rise of Extremism: A Global Trend

The rise of right wing extremism has become a pressing concern in the modern world, with countries worldwide witnessing the emergence and proliferation of far-right and right-wing ideologies. This phenomenon, characterized by the promotion of intolerance and hatred towards certain groups, poses a significant threat to social stability and democratic values.

One of the most prominent examples of right-wing extremism is the rise of the Alternative for Germany (AfD), a nationalist and right-wing party that has gained significant support in recent elections. The AfD's success can be attributed to its ability to tap into deep-seated anxieties about immigration, globalization, and traditional values. Moreover, the party's leadership, characterized by strong anti-democratic rhetoric and policies, has successfully mobilized anti-immigrant sentiment and stoked fears of a changing Europe.

Another significant factor contributing to the rise of right-wing extremism is the decline of traditional social institutions and values. This includes factors such as the weakening of national institutions, the rise of social media, and the erosion of social norms. The decline of these institutions allows right-wing ideologies to gain traction and flourish, as they offer alternative narratives and identities to those who feel marginalized and left behind.

Beyond Europe, the rise of right-wing extremism is also evident in the United States. The rise of the white nationalist movement and the election of Donald Trump have raised concerns about the potential for right-wing ideologies to gain further ground in the country. Additionally, the ongoing political and social divisions within the United States provide fertile ground for the growth of right-wing extremist groups.

The rise of right-wing extremism is not just a European or American phenomenon. It is a global trend that has spread to countries worldwide, including Canada, Australia, and New Zealand. This spread can be attributed to several factors, including the interconnectedness of the global economy and the rise of social media, which has facilitated the spread of right-wing propaganda and the mobilization of extremist ideologies.

The rise of right-wing extremism poses a major challenge to the stability and security of countries worldwide. It is essential that governments and international organizations work together to address this complex issue, including by promoting tolerance, fostering dialogue, and supporting democratic institutions and values.
","[0.41014569997787476, 0.37489837408065796, 0.35575830936431885, 0.413959264755249, 0.5983030796051025, 0.4215858280658722, 0.44859927892684937, 0.3029983341693878, 0.46416550874710083, 0.45498791337013245]"
"There are many uses for AI in the workplace, and it is increasingly likely that Agentic AI integration may lead to further job losses",tfidf,"## The Integral Role of AI in Healthcare

Artificial intelligence (AI) is transforming the healthcare landscape, revolutionizing how we diagnose and treat diseases, predict patient outcomes, and personalize treatment plans. AI's ability to analyze vast amounts of medical data, identify patterns, and make predictions significantly enhances healthcare outcomes, leading to better patient care, reduced costs, and increased efficiency.

**A Personalized Approach to Healthcare**

One of the most significant applications of AI in healthcare is personalized medicine. AI algorithms can analyze an individual's medical history, genetic makeup, and lifestyle factors to create a highly tailored treatment plan. This approach not only leads to improved treatment outcomes but also reduces the risk of adverse reactions and medication interactions.

**Early Disease Detection and Diagnosis**

AI can also assist in early disease detection and diagnosis through image analysis and natural language processing (NLP). By identifying subtle patterns in medical images, such as tumors or abnormalities in blood tests, AI can help diagnose diseases earlier, when they are more treatable. This can lead to improved patient outcomes and reduced morbidity.

**Predictive Analytics and Risk Assessment**

AI tools can also predict patient outcomes and assess their risk of developing specific diseases. By analyzing various factors such as age, family history, lifestyle choices, and environmental exposures, AI can identify patients at high risk of developing certain conditions. This enables early intervention and personalized preventive measures.

**Virtual Assistants and Patient Education**

AI-powered virtual assistants are becoming increasingly popular in healthcare settings. These assistants provide patients with access to a wealth of information, including symptom checkers, health education resources, and medication reminders. They can also assist patients in scheduling appointments and managing their health records.

**Collaboration and Interoperability**

The use of AI in healthcare has highlighted the importance of collaboration between healthcare professionals, patients, and technology developers. By fostering interoperability between different healthcare systems and platforms, AI can unlock its full potential. This ensures that patients can access their medical data and receive care seamlessly across different healthcare facilities.

**Challenges and Ethical Considerations**

Despite its numerous benefits, the widespread adoption of AI in healthcare also presents challenges. One major concern is the potential for bias and discrimination in AI algorithms. As AI systems are trained on existing medical data, they can perpetuate existing biases, leading to unfair or inaccurate outcomes. Ensuring ethical and responsible AI development and use is crucial to mitigate these risks.

**Conclusion**

The role of AI in healthcare is rapidly evolving, bringing significant benefits to patients and the healthcare system. By leveraging AI's capabilities, we can create personalized and effective treatments, improve early disease detection and diagnosis, predict patient outcomes, and streamline healthcare delivery. However, addressing challenges related to bias, ethical considerations, and interoperability is essential for the responsible and ethical use of AI in healthcare.","**The Enigma of Cat Behaviour: Understanding the Mystery of Feline Minds**

Cats, renowned for their enigmatic nature and complex behaviours, have baffled humans for centuries. Despite our extensive knowledge of other animals, our understanding of cats' cognitive abilities and motivations remains remarkably limited. This article delves into the fascinating world of cat behaviour, exploring the mysteries that continue to fascinate us and highlight the challenges we face in deciphering feline minds.

**Feline Communication: A Symphony of Whispers and Howls**

Cats possess an uncanny ability to communicate through a variety of vocalizations and body language cues. From soft meows and purrs to high-pitched trills and growls, cats convey a wide range of emotions and intentions. However, interpreting their nuanced vocalizations and body movements is not always straightforward.

**The Role of Social Learning in Behaviour**

Like all animals, cats are highly influenced by their social environment. Early interactions with humans and other cats shape their behaviour and preferences. Social interaction allows cats to learn proper social skills, establish dominance hierarchies, and develop appropriate social behaviours.

**The Importance of Play and Exploration**

Cats are natural-born explorers, and play is an essential part of their development and mental stimulation. Play allows cats to exercise their physical and cognitive abilities, develop problem-solving skills, and maintain a healthy sense of curiosity.

**The Mystery of Cat Communication: The Role of Body Language**

Cats communicate much more than we think. The way they position their bodies, use their ears and eyes, and interact with their tails provides clues about their emotional state and intentions. However, interpreting these cues can be challenging due to cultural differences and individual variations in feline personalities.

**The Challenge of Understanding Cat Cognition**

The complexity of cat behaviour is reflected in their cognitive abilities. Cats possess complex brains with the capacity for problem-solving, learning, and memory. However, their decision-making processes are not as well understood as those of other animals.

**The Importance of a Multidisciplinary Approach to Understanding Cats**

Understanding cat behaviour requires a multidisciplinary approach. Animal behaviour researchers, psychologists, and veterinarians work together to gather data, develop theories, and address the challenges of interpreting feline behaviour.

**Conclusion**

The world of cat behaviour is filled with mysteries and contradictions. Despite our ongoing efforts, the complexity and multifaceted nature of feline minds remain a daunting puzzle. However, by embracing a holistic approach to understanding cats, we can continue to uncover the hidden depths of these enigmatic creatures and appreciate the wonder of the feline spirit.","[0.0, 0.04625962870451894, 0.07246191867232403, 0.009700963226754063, 0.0, 0.5607794716831344, 0.0, 0.0, 0.07282356144026836, 0.012828319437446077]"
"There are many uses for AI in the workplace, and it is increasingly likely that Agentic AI integration may lead to further job losses",count,"## The Integral Role of AI in Healthcare

Artificial intelligence (AI) is transforming the healthcare landscape, revolutionizing how we diagnose and treat diseases, predict patient outcomes, and personalize treatment plans. AI's ability to analyze vast amounts of medical data, identify patterns, and make predictions significantly enhances healthcare outcomes, leading to better patient care, reduced costs, and increased efficiency.

**A Personalized Approach to Healthcare**

One of the most significant applications of AI in healthcare is personalized medicine. AI algorithms can analyze an individual's medical history, genetic makeup, and lifestyle factors to create a highly tailored treatment plan. This approach not only leads to improved treatment outcomes but also reduces the risk of adverse reactions and medication interactions.

**Early Disease Detection and Diagnosis**

AI can also assist in early disease detection and diagnosis through image analysis and natural language processing (NLP). By identifying subtle patterns in medical images, such as tumors or abnormalities in blood tests, AI can help diagnose diseases earlier, when they are more treatable. This can lead to improved patient outcomes and reduced morbidity.

**Predictive Analytics and Risk Assessment**

AI tools can also predict patient outcomes and assess their risk of developing specific diseases. By analyzing various factors such as age, family history, lifestyle choices, and environmental exposures, AI can identify patients at high risk of developing certain conditions. This enables early intervention and personalized preventive measures.

**Virtual Assistants and Patient Education**

AI-powered virtual assistants are becoming increasingly popular in healthcare settings. These assistants provide patients with access to a wealth of information, including symptom checkers, health education resources, and medication reminders. They can also assist patients in scheduling appointments and managing their health records.

**Collaboration and Interoperability**

The use of AI in healthcare has highlighted the importance of collaboration between healthcare professionals, patients, and technology developers. By fostering interoperability between different healthcare systems and platforms, AI can unlock its full potential. This ensures that patients can access their medical data and receive care seamlessly across different healthcare facilities.

**Challenges and Ethical Considerations**

Despite its numerous benefits, the widespread adoption of AI in healthcare also presents challenges. One major concern is the potential for bias and discrimination in AI algorithms. As AI systems are trained on existing medical data, they can perpetuate existing biases, leading to unfair or inaccurate outcomes. Ensuring ethical and responsible AI development and use is crucial to mitigate these risks.

**Conclusion**

The role of AI in healthcare is rapidly evolving, bringing significant benefits to patients and the healthcare system. By leveraging AI's capabilities, we can create personalized and effective treatments, improve early disease detection and diagnosis, predict patient outcomes, and streamline healthcare delivery. However, addressing challenges related to bias, ethical considerations, and interoperability is essential for the responsible and ethical use of AI in healthcare.","**The Enigma of Cat Behaviour: Understanding the Mystery of Feline Minds**

Cats, renowned for their enigmatic nature and complex behaviours, have baffled humans for centuries. Despite our extensive knowledge of other animals, our understanding of cats' cognitive abilities and motivations remains remarkably limited. This article delves into the fascinating world of cat behaviour, exploring the mysteries that continue to fascinate us and highlight the challenges we face in deciphering feline minds.

**Feline Communication: A Symphony of Whispers and Howls**

Cats possess an uncanny ability to communicate through a variety of vocalizations and body language cues. From soft meows and purrs to high-pitched trills and growls, cats convey a wide range of emotions and intentions. However, interpreting their nuanced vocalizations and body movements is not always straightforward.

**The Role of Social Learning in Behaviour**

Like all animals, cats are highly influenced by their social environment. Early interactions with humans and other cats shape their behaviour and preferences. Social interaction allows cats to learn proper social skills, establish dominance hierarchies, and develop appropriate social behaviours.

**The Importance of Play and Exploration**

Cats are natural-born explorers, and play is an essential part of their development and mental stimulation. Play allows cats to exercise their physical and cognitive abilities, develop problem-solving skills, and maintain a healthy sense of curiosity.

**The Mystery of Cat Communication: The Role of Body Language**

Cats communicate much more than we think. The way they position their bodies, use their ears and eyes, and interact with their tails provides clues about their emotional state and intentions. However, interpreting these cues can be challenging due to cultural differences and individual variations in feline personalities.

**The Challenge of Understanding Cat Cognition**

The complexity of cat behaviour is reflected in their cognitive abilities. Cats possess complex brains with the capacity for problem-solving, learning, and memory. However, their decision-making processes are not as well understood as those of other animals.

**The Importance of a Multidisciplinary Approach to Understanding Cats**

Understanding cat behaviour requires a multidisciplinary approach. Animal behaviour researchers, psychologists, and veterinarians work together to gather data, develop theories, and address the challenges of interpreting feline behaviour.

**Conclusion**

The world of cat behaviour is filled with mysteries and contradictions. Despite our ongoing efforts, the complexity and multifaceted nature of feline minds remain a daunting puzzle. However, by embracing a holistic approach to understanding cats, we can continue to uncover the hidden depths of these enigmatic creatures and appreciate the wonder of the feline spirit.","[0.2981500655673563, 0.30479785872755966, 0.3999244070672642, 0.33983825814565405, 0.3211508573284416, 0.4684086305665279, 0.33353188161276576, 0.3243366892443514, 0.40182189603911944, 0.35692180362763193]"
"There are many uses for AI in the workplace, and it is increasingly likely that Agentic AI integration may lead to further job losses",embeddings,"## The Future of Transport: A Glimpse into 2040

The future of transport is anything but static. Technological advancements, environmental concerns, and changing societal priorities are pushing the boundaries of what's possible. From hyperloops to autonomous drones, here's a glimpse into what the future holds for this dynamic sector.

**Revolutionizing Travel: Hyperloops and Beyond**

Hyperloop technology is poised to disrupt the travel landscape. These high-speed, underground tunnels boast vastly reduced travel times, enhanced passenger comfort, and the potential to reach previously inaccessible areas. The first hyperloop line, between London and Birmingham, is expected to open in 2025, with other major cities like Shanghai and Dubai planning ambitious hyperloop projects.

**Flying into the Future: Drone Technology**

Autonomous drones are rapidly evolving from futuristic fantasies into practical tools. From package delivery to aerial surveying, drones offer efficiency and flexibility that traditional aircraft simply cannot match. Companies like Amazon and DHL are already experimenting with drone delivery, while the US military is actively developing autonomous aircraft for military operations.

**Shifting Gears: Sustainable Solutions**

Climate concerns are driving the development of sustainable transport solutions. Electric vehicles, powered by renewable energy sources, are becoming increasingly popular, with major manufacturers like Tesla and Tesla Motors setting ambitious goals for production and sustainability. Additionally, alternative fuels like hydrogen and biofuels are receiving increased attention as sustainable alternatives to traditional fossil fuels.

**The Connected City: Seamless Travel Across Borders**

Smart cities, powered by advanced IoT and AI, will be the backbone of seamless travel across borders. These interconnected networks will allow real-time tracking of vehicles and infrastructure, enabling efficient traffic management and personalized travel recommendations. Additionally, the integration of transportation systems within cities will enable efficient public transport options and optimized logistics for businesses.

**The Future of Travel: A Collaborative Effort**

The future of transport is not just about technological advancements; it's about collaboration and community engagement. Partnerships between governments, industries, and research institutions are crucial for developing and implementing innovative solutions. Additionally, engaging communities in the planning and implementation of these changes will ensure sustainable and equitable access to transportation for all.

**The Takeaway**

The future of transport holds immense potential to reshape our world. From hyperloops and autonomous drones to sustainable solutions and seamless city connectivity, the journey to a more sustainable and efficient transportation sector is well underway. As we step into this exciting future, it's essential to remain open to innovation, foster collaboration, and prioritize the well-being of our planet and its inhabitants.","## A Brief History of Ireland: From Prehistoric Beginnings to Modern Nation

The history of Ireland is a complex tapestry woven with rich cultural traditions, turbulent wars, and dramatic political upheavals. While the exact origins of the island remain shrouded in mystery, archaeological evidence suggests human settlement in Ireland dating back to the Paleolithic era, approximately 8000 BCE. Over millennia, various cultures left their mark, including the Neolithic farmers of the Neolithic era, the Celts who introduced Christianity in the 5th century, and the Anglo-Normans who arrived in the 12th century and established a powerful monarchy.

The Norman invasion in 1241 marked a pivotal turning point in Irish history. King Henry II, along with his wife Eleanor of Aquitaine, sought to control the lucrative Irish market and expand the English Empire's reach in the region. This conflict, known as the Norman Conquests, had a profound impact on Irish politics, religion, and social landscape. The subsequent centuries saw Irish struggle for independence against English rule, culminating in the Anglo-Irish War in 1922.

The War of Independence (1916-1921) marked the climax of Irish struggle for self-determination. The Irish Volunteers, led by charismatic figures like James Connolly and Michael Collins, defied British authority with courage and sacrifice. After a grueling eight-year war, the Treaty of Versailles in 1921 formally ended British rule in Ireland, paving the way for Irish independence and establishing the Irish Free State as a republic in 1949.

**Key Figures:**

* **King Henry II:** Ruler who led the Norman invasions of Ireland.
* **Eleanor of Aquitaine:** Queen who married Henry II and supported the Norman conquest.
* **James Connolly:** Leader of the Irish Volunteers during the War of Independence.
* **Michael Collins:** Leader of the Irish Volunteers and a prominent figure in the War of Independence.
* **George Bernard Shaw:** A prominent Irish playwright and politician, whose plays helped garner support for the Irish cause.

**Additional Points:**

* The Irish Free State, established in 1949, is the Republic of Ireland, the current constitutional government of the country.
* The country boasts a rich musical heritage, with renowned musicians like Bono and Bob Marley originating from Ireland.
* Today, Ireland is a vibrant and diverse country, with a rich cultural identity, a strong economy, and a deeply committed political system.

**Note:** This is a brief overview of a complex and multifaceted history. Additional details and specific dates can be added to enrich the model's knowledge base.","[0.49706369638442993, 0.42685943841934204, 0.4878752827644348, 0.5363025665283203, 0.35389745235443115, 0.5167886018753052, 0.38450855016708374, 0.4948289394378662, 0.541193425655365, 0.49267029762268066]"
Some claim that the costs of living in Ireland are increasing at a far more rapid pace than salaries,tfidf,"## Navigating the Shifting Sands: A Glimpse into American Politics

American politics, like the ever-shifting sands of the Sahara, is a landscape constantly in motion. From the bustling metropolis of Washington D.C. to the sprawling battlegrounds of statehouses and Congress, the political landscape is a tapestry woven with diverse individuals, ideologies, and currents. 

**Recent Events: A Snapshot of the Political Arena**

The 2020 presidential election, a watershed moment in recent American history, vividly demonstrated the ongoing ideological and demographic struggles within the country. The results exposed a deeply divided nation, with the incumbent Donald Trump losing the Electoral College to Joe Biden, a Democrat whose victory marked the Democrats' return to power after 12 years. This election further highlighted the ongoing struggle for minority rights, economic inequality, and the erosion of democratic norms.

**Key Players: Who Makes the Political Scene Tick?**

The political scene is dominated by a diverse cast of characters. At the center stands the White House, the ultimate symbol of American political power, with the President holding immense authority and influence over the nation. The Vice President fills the role of the President's equal power, acting as the Chief Executive and overseeing various departments.

Beyond the White House lie a plethora of legislative bodies, each with its distinct focus and influence. The House of Representatives, a chamber of 435 members, is responsible for enacting legislation and setting policy on a wide range of issues. The Senate, with 100 members, acts as the legislative branch, confirming presidential appointments and confirming treaties.

**The Great Divide: Ideological Divide and Policy Stalemate**

The American political scene is further divided along ideological lines. The left-leaning spectrum encompasses various progressive and liberal parties, advocating for social justice, equality, and environmental protection. The right-leaning spectrum, represented by conservative and libertarian parties, emphasizes individual liberty, limited government intervention, and free-market economic policies.

This ideological divide has manifested itself in various policy matters, from healthcare and education to climate change and economic regulations. While recent administrations have sought to bridge the ideological gap, progress has been slow, and policy debates often become heated and unproductive.

**The Future of American Politics: Predictions and Possibilities**

Predicting the future of American politics is as challenging as navigating the shifting sands of the Sahara. However, several trends suggest a potential shift towards increased inclusivity, greater emphasis on climate change, and a more participatory democracy.

With the rise of social media and the increasing accessibility of information, public discourse is evolving, potentially leading to a more informed citizenry and increased pressure on elected officials to be responsive to the needs of their constituents.

Whether these trends will lead to a more stable and inclusive political system remains to be seen. Nonetheless, the American political landscape is poised for significant changes in the years to come.

**Conclusion**

The American political scene is a complex and dynamic tapestry, woven from diverse characters, ideologies, and issues. While recent events have highlighted the ongoing ideological divide and the challenges to achieving bipartisan cooperation, there is hope that the evolving sands of the political landscape will usher in a new era of political discourse and progress.","**The Enigma of Cat Behaviour: Understanding the Mystery of Feline Minds**

Cats, renowned for their enigmatic nature and complex behaviours, have baffled humans for centuries. Despite our extensive knowledge of other animals, our understanding of cats' cognitive abilities and motivations remains remarkably limited. This article delves into the fascinating world of cat behaviour, exploring the mysteries that continue to fascinate us and highlight the challenges we face in deciphering feline minds.

**Feline Communication: A Symphony of Whispers and Howls**

Cats possess an uncanny ability to communicate through a variety of vocalizations and body language cues. From soft meows and purrs to high-pitched trills and growls, cats convey a wide range of emotions and intentions. However, interpreting their nuanced vocalizations and body movements is not always straightforward.

**The Role of Social Learning in Behaviour**

Like all animals, cats are highly influenced by their social environment. Early interactions with humans and other cats shape their behaviour and preferences. Social interaction allows cats to learn proper social skills, establish dominance hierarchies, and develop appropriate social behaviours.

**The Importance of Play and Exploration**

Cats are natural-born explorers, and play is an essential part of their development and mental stimulation. Play allows cats to exercise their physical and cognitive abilities, develop problem-solving skills, and maintain a healthy sense of curiosity.

**The Mystery of Cat Communication: The Role of Body Language**

Cats communicate much more than we think. The way they position their bodies, use their ears and eyes, and interact with their tails provides clues about their emotional state and intentions. However, interpreting these cues can be challenging due to cultural differences and individual variations in feline personalities.

**The Challenge of Understanding Cat Cognition**

The complexity of cat behaviour is reflected in their cognitive abilities. Cats possess complex brains with the capacity for problem-solving, learning, and memory. However, their decision-making processes are not as well understood as those of other animals.

**The Importance of a Multidisciplinary Approach to Understanding Cats**

Understanding cat behaviour requires a multidisciplinary approach. Animal behaviour researchers, psychologists, and veterinarians work together to gather data, develop theories, and address the challenges of interpreting feline behaviour.

**Conclusion**

The world of cat behaviour is filled with mysteries and contradictions. Despite our ongoing efforts, the complexity and multifaceted nature of feline minds remain a daunting puzzle. However, by embracing a holistic approach to understanding cats, we can continue to uncover the hidden depths of these enigmatic creatures and appreciate the wonder of the feline spirit.","[0.0, 0.0, 0.0, 0.0, 0.0, 0.0, 0.05072401507725644, 0.0, 0.0, 0.05283781958944831]"
Some claim that the costs of living in Ireland are increasing at a far more rapid pace than salaries,count,"## A Brief History of Ireland: From Prehistoric Beginnings to Modern Nation

The history of Ireland is a complex tapestry woven with rich cultural traditions, turbulent wars, and dramatic political upheavals. While the exact origins of the island remain shrouded in mystery, archaeological evidence suggests human settlement in Ireland dating back to the Paleolithic era, approximately 8000 BCE. Over millennia, various cultures left their mark, including the Neolithic farmers of the Neolithic era, the Celts who introduced Christianity in the 5th century, and the Anglo-Normans who arrived in the 12th century and established a powerful monarchy.

The Norman invasion in 1241 marked a pivotal turning point in Irish history. King Henry II, along with his wife Eleanor of Aquitaine, sought to control the lucrative Irish market and expand the English Empire's reach in the region. This conflict, known as the Norman Conquests, had a profound impact on Irish politics, religion, and social landscape. The subsequent centuries saw Irish struggle for independence against English rule, culminating in the Anglo-Irish War in 1922.

The War of Independence (1916-1921) marked the climax of Irish struggle for self-determination. The Irish Volunteers, led by charismatic figures like James Connolly and Michael Collins, defied British authority with courage and sacrifice. After a grueling eight-year war, the Treaty of Versailles in 1921 formally ended British rule in Ireland, paving the way for Irish independence and establishing the Irish Free State as a republic in 1949.

**Key Figures:**

* **King Henry II:** Ruler who led the Norman invasions of Ireland.
* **Eleanor of Aquitaine:** Queen who married Henry II and supported the Norman conquest.
* **James Connolly:** Leader of the Irish Volunteers during the War of Independence.
* **Michael Collins:** Leader of the Irish Volunteers and a prominent figure in the War of Independence.
* **George Bernard Shaw:** A prominent Irish playwright and politician, whose plays helped garner support for the Irish cause.

**Additional Points:**

* The Irish Free State, established in 1949, is the Republic of Ireland, the current constitutional government of the country.
* The country boasts a rich musical heritage, with renowned musicians like Bono and Bob Marley originating from Ireland.
* Today, Ireland is a vibrant and diverse country, with a rich cultural identity, a strong economy, and a deeply committed political system.

**Note:** This is a brief overview of a complex and multifaceted history. Additional details and specific dates can be added to enrich the model's knowledge base.","## The Dangers of Social Media and Companies' Ability to Overlook Them

Social media has become an undeniable force in our lives, shaping how we connect, consume information, and interact with the world. However, its immense reach and ability to influence our perception of reality raise significant concerns about its impact on individuals and society at large.

**The Dangers of Social Media:**

* **Misinformation and Propaganda:** Social media platforms often become breeding grounds for false or misleading information, which can have profound consequences. Propagandists and biased actors can manipulate narratives and spread misinformation, potentially influencing public perception and political discourse.
* **Addiction and Mental Health:** Excessive social media use is linked to increased rates of addiction, depression, anxiety, and other mental health issues. The constant comparison and validation sought through social media can lead to feelings of inadequacy and low self-esteem.
* **Cyberbullying and Harassment:** Online harassment, including cyberbullying and hate speech, can have devastating psychological and emotional consequences. Victims can feel isolated, humiliated, and unsafe, leading to significant distress and even suicide in severe cases.
* **Privacy Concerns:** Social media platforms collect vast amounts of personal data, raising significant privacy concerns. Sharing personal information and engaging in data-driven advertising can create a sense of vulnerability and control over individual privacy.
* **Exploitation and Labor Practices:** Some companies leverage social media to attract and retain employees, utilizing them for surveillance and manipulation. This can lead to a culture of fear and low morale, potentially compromising workplace safety and ethical practices.

**Companies' Ability to Overlook Social Media:**

* **Limited Awareness:** Companies are often unaware of the potential risks associated with social media use by their employees. This can lead to a lack of awareness about appropriate social media policies and guidelines.
* **Compliance Challenges:** Companies face complex compliance challenges when it comes to data privacy and responsible social media practices. Implementing effective data security measures and employee training can be a significant undertaking.
* **Bias and Discrimination:** Social media algorithms can amplify existing biases and stereotypes, leading to the spread of misinformation and discriminatory content. This can create a toxic and biased online environment, impacting employee morale and company culture.
* **Employee Monitoring:** Companies may use social media monitoring tools to track employee activity, potentially engaging in surveillance and violating employee privacy.
* **Brand Reputation:** Negative social media coverage can significantly damage a company's brand reputation and erode customer trust. This can lead to reputational damage, financial losses, and even boycotts.

**Conclusion:**

Social media and companies' ability to overlook its potential dangers raises significant concerns about the impact on individuals and society. It is crucial for both to acknowledge and actively address these challenges. Companies need to prioritize awareness, implement effective social media policies, and prioritize employee well-being and privacy. By working together, we can navigate the complexities of social media and ensure a safe and positive online environment for all.","[0.2596822707981712, 0.11322471662477798, 0.2571722499368198, 0.2891520357449768, 0.3653757873780581, 0.20369084046073935, 0.18302156260437868, 0.2989760835359301, 0.2433810643077213, 0.3027217826437161]"
Some claim that the costs of living in Ireland are increasing at a far more rapid pace than salaries,embeddings,"## The Rise of Extremism: A Global Trend

The rise of right wing extremism has become a pressing concern in the modern world, with countries worldwide witnessing the emergence and proliferation of far-right and right-wing ideologies. This phenomenon, characterized by the promotion of intolerance and hatred towards certain groups, poses a significant threat to social stability and democratic values.

One of the most prominent examples of right-wing extremism is the rise of the Alternative for Germany (AfD), a nationalist and right-wing party that has gained significant support in recent elections. The AfD's success can be attributed to its ability to tap into deep-seated anxieties about immigration, globalization, and traditional values. Moreover, the party's leadership, characterized by strong anti-democratic rhetoric and policies, has successfully mobilized anti-immigrant sentiment and stoked fears of a changing Europe.

Another significant factor contributing to the rise of right-wing extremism is the decline of traditional social institutions and values. This includes factors such as the weakening of national institutions, the rise of social media, and the erosion of social norms. The decline of these institutions allows right-wing ideologies to gain traction and flourish, as they offer alternative narratives and identities to those who feel marginalized and left behind.

Beyond Europe, the rise of right-wing extremism is also evident in the United States. The rise of the white nationalist movement and the election of Donald Trump have raised concerns about the potential for right-wing ideologies to gain further ground in the country. Additionally, the ongoing political and social divisions within the United States provide fertile ground for the growth of right-wing extremist groups.

The rise of right-wing extremism is not just a European or American phenomenon. It is a global trend that has spread to countries worldwide, including Canada, Australia, and New Zealand. This spread can be attributed to several factors, including the interconnectedness of the global economy and the rise of social media, which has facilitated the spread of right-wing propaganda and the mobilization of extremist ideologies.

The rise of right-wing extremism poses a major challenge to the stability and security of countries worldwide. It is essential that governments and international organizations work together to address this complex issue, including by promoting tolerance, fostering dialogue, and supporting democratic institutions and values.
","## A Brief History of Ireland: From Prehistoric Beginnings to Modern Nation

The history of Ireland is a complex tapestry woven with rich cultural traditions, turbulent wars, and dramatic political upheavals. While the exact origins of the island remain shrouded in mystery, archaeological evidence suggests human settlement in Ireland dating back to the Paleolithic era, approximately 8000 BCE. Over millennia, various cultures left their mark, including the Neolithic farmers of the Neolithic era, the Celts who introduced Christianity in the 5th century, and the Anglo-Normans who arrived in the 12th century and established a powerful monarchy.

The Norman invasion in 1241 marked a pivotal turning point in Irish history. King Henry II, along with his wife Eleanor of Aquitaine, sought to control the lucrative Irish market and expand the English Empire's reach in the region. This conflict, known as the Norman Conquests, had a profound impact on Irish politics, religion, and social landscape. The subsequent centuries saw Irish struggle for independence against English rule, culminating in the Anglo-Irish War in 1922.

The War of Independence (1916-1921) marked the climax of Irish struggle for self-determination. The Irish Volunteers, led by charismatic figures like James Connolly and Michael Collins, defied British authority with courage and sacrifice. After a grueling eight-year war, the Treaty of Versailles in 1921 formally ended British rule in Ireland, paving the way for Irish independence and establishing the Irish Free State as a republic in 1949.

**Key Figures:**

* **King Henry II:** Ruler who led the Norman invasions of Ireland.
* **Eleanor of Aquitaine:** Queen who married Henry II and supported the Norman conquest.
* **James Connolly:** Leader of the Irish Volunteers during the War of Independence.
* **Michael Collins:** Leader of the Irish Volunteers and a prominent figure in the War of Independence.
* **George Bernard Shaw:** A prominent Irish playwright and politician, whose plays helped garner support for the Irish cause.

**Additional Points:**

* The Irish Free State, established in 1949, is the Republic of Ireland, the current constitutional government of the country.
* The country boasts a rich musical heritage, with renowned musicians like Bono and Bob Marley originating from Ireland.
* Today, Ireland is a vibrant and diverse country, with a rich cultural identity, a strong economy, and a deeply committed political system.

**Note:** This is a brief overview of a complex and multifaceted history. Additional details and specific dates can be added to enrich the model's knowledge base.","[0.49405571818351746, 0.38397008180618286, 0.4978727400302887, 0.546281099319458, 0.3291299343109131, 0.4471263885498047, 0.3292308449745178, 0.6043684482574463, 0.4958058297634125, 0.5172006487846375]"
